image,label,x,y,width,height
GP038291/00004.jpg,1,0.58045525,0.6264715000000001,0.2061265,0.36004025
GP038291/00004.jpg,1,0.85641525,0.57084925,0.050953,0.156222
GP038291/00004.jpg,2,0.5975659999999999,0.51184025,0.07136775,0.2926905
GP038291/00004.jpg,2,0.8634829999999999,0.51654975,0.03511915,0.1251795
