image,label,x,y,width,height
GP038291/00001.jpg,1,0.5825942857142857,0.6171098571428572,0.20845100000000003,0.3577254285714285
GP038291/00001.jpg,1,0.7827837142857144,0.5476068571428571,0.05318497142857143,0.08286155714285713
GP038291/00001.jpg,2,0.6906502857142858,0.5129362857142856,0.042597707142857134,0.17365655714285708
