image,label,x,y,width,height
GP038291/00008.jpg,1,0.2888718095238095,0.5981657142857142,0.12243399999999999,0.2081099523809524
GP038291/00008.jpg,1,0.8320286190476189,0.5726926666666668,0.04465794761904763,0.13556366666666667
GP038291/00008.jpg,2,0.2783638095238095,0.514610761904762,0.043996185714285714,0.16611814285714285
GP038291/00008.jpg,2,0.8280814761904761,0.513094380952381,0.0343395380952381,0.11998538095238095
