image,label,x,y,width,height
GP038291/00003.jpg,1,0.5915994000000001,0.6291800000000001,0.2253112,0.34245240000000005
GP038291/00003.jpg,1,0.8628086000000001,0.561029,0.02657152,0.1176158
GP038291/00003.jpg,2,0.5937008,0.5114126000000001,0.06621144,0.27779840000000006
GP038291/00003.jpg,2,0.8640686000000001,0.516676,0.03093092,0.09846874
