image,label,x,y,width,height
GP038291/00006.jpg,1,0.6982638571428572,0.6156895,0.14900985714285714,0.2201415
GP038291/00006.jpg,2,0.7106220000000001,0.5175009285714286,0.04927273571428571,0.1938816428571428
