image,label,x,y,width,height
GP038291/00005.jpg,1,0.5830050999999999,0.63236,0.2155661,0.33374950000000003
GP038291/00005.jpg,1,0.7986283999999999,0.5886150000000001,0.11184484999999997,0.1865093
GP038291/00005.jpg,2,0.6684702666666666,0.5150422666666666,0.055501520000000006,0.2422266
GP038291/00005.jpg,2,0.8023779999999999,0.5215392000000001,0.035755800000000004,0.15349040000000005
