image,label,x,y,width,height
GP038291/00009.jpg,1,0.20067000000000002,0.5766536666666666,0.06503715,0.15490249999999994
GP038291/00009.jpg,1,0.7893266666666666,0.5585588333333333,0.049968050000000014,0.10459893333333332
GP038291/00009.jpg,2,0.1867675,0.5097801666666667,0.03616555,0.13164583333333335
GP038291/00009.jpg,2,0.7807946666666666,0.5122163333333333,0.026594066666666662,0.09640506666666666
