image,label,x,y,width,height
GP038291/00002.jpg,1,0.5801301666666666,0.6206586666666667,0.2052775,0.3605445
GP038291/00002.jpg,1,0.8284732,0.5534117999999999,0.03884884,0.09411714000000003
GP038291/00002.jpg,2,0.5952523333333334,0.5083768333333333,0.06934341666666667,0.2771316666666667
GP038291/00002.jpg,2,0.833259,0.5130520000000001,0.01866634,0.079083
