image,label,x,y,width,height
GP038291/00007.jpg,1,0.4697322631578947,0.6019351052631579,0.18668031578947367,0.22220631578947367
GP038291/00007.jpg,1,0.8368767894736842,0.5997802631578948,0.05903337368421052,0.17167210526315788
GP038291/00007.jpg,2,0.4560023684210526,0.5234228947368421,0.04292566842105264,0.18947005263157896
GP038291/00007.jpg,2,0.8467624210526316,0.5126024210526317,0.05064938421052632,0.1648878947368421
