image,label,x,y,width,height
GP038291/00010.jpg,1,0.17994975,0.56033825,0.0316994,0.12703399999999998
GP038291/00010.jpg,1,0.72870525,0.550446,0.054213025,0.08678477500000001
GP038291/00010.jpg,2,0.18266675,0.50829275,0.030968125,0.096568275
GP038291/00010.jpg,2,0.72889875,0.512656,0.017691325,0.07520274999999997
