image,label,x,y,width,height
GP038291/00013.jpg,1,0.32267399999999996,0.54211925,0.06146469999999999,0.08191162499999999
GP038291/00013.jpg,1,0.664289,0.5542447500000001,0.084491275,0.110716925
GP038291/00013.jpg,2,0.32619825,0.5130170000000001,0.016122325,0.0699038
GP038291/00013.jpg,2,0.657857,0.5128852500000001,0.0207948,0.10170865
