image,label,x,y,width,height
GP038291/00012.jpg,1,0.2619316666666667,0.54272,0.05455256666666667,0.09122963333333334
GP038291/00012.jpg,1,0.6215066666666668,0.5469416666666667,0.0245417,0.0819971
GP038291/00012.jpg,2,0.2647823333333333,0.5110856666666667,0.016907000000000002,0.07371786666666667
GP038291/00012.jpg,2,0.6181993333333334,0.5128996666666666,0.02521553333333333,0.08001649999999999
