image,label,x,y,width,height
GP038291/00016.jpg,1,0.52165505,0.5422158,0.06081926500000001,0.07046578500000003
GP038291/00016.jpg,1,0.9784785,0.5963099999999999,0.03983184166666666,0.167077
GP038291/00016.jpg,2,0.52317995,0.51433405,0.013115324499999999,0.062189145
