image,label,x,y,width,height
GP038291/00015.jpg,1,0.4567165,0.541944,0.056128925,0.06639655
GP038291/00015.jpg,1,0.8815547499999999,0.58007575,0.11709175,0.13507750000000002
GP038291/00015.jpg,2,0.45725525,0.5139009999999999,0.011591775,0.057767275
GP038291/00015.jpg,2,0.8755185,0.511537,0.0262135,0.13949475
