image,label,x,y,width,height
GP038291/00019.jpg,1,0.7270584999999999,0.548293,0.057220075,0.09323404999999997
GP038291/00019.jpg,2,0.72653225,0.51536925,0.01522755,0.075261
