image,label,x,y,width,height
GP038291/00017.jpg,1,0.5870126538461538,0.5417799999999999,0.0612503,0.0799094346153846
GP038291/00017.jpg,2,0.5892271538461539,0.5154188461538461,0.01374426653846154,0.06447442692307692
