image,label,x,y,width,height
GP038291/00014.jpg,1,0.3901882380952381,0.5394939999999999,0.0591125380952381,0.07478745714285713
GP038291/00014.jpg,1,0.75588448,0.55988628,0.08951583600000003,0.12907797599999996
GP038291/00014.jpg,2,0.3920984285714286,0.5131759047619048,0.015763231904761903,0.06529386666666666
GP038291/00014.jpg,2,0.7562940399999999,0.51234788,0.024034124,0.116068412
