image,label,x,y,width,height
GP038291/00018.jpg,1,0.6564198888888889,0.5489822222222221,0.060848288888888886,0.07952727777777778
GP038291/00018.jpg,2,0.6576048888888888,0.5165865555555555,0.01645546666666666,0.07123353333333332
