image,label,x,y,width,height
GP038291/00027.jpg,1,0.21596580000000004,0.5442488,0.04744036,0.09003224
GP038291/00027.jpg,2,0.2211492,0.5097541999999999,0.01990928,0.07730462
