image,label,x,y,width,height
GP038291/00024.jpg,1,0.4811152500000001,0.66662075,0.37259925,0.45674175
GP038291/00024.jpg,2,0.46430425,0.53258825,0.085709325,0.3863835
