image,label,x,y,width,height
GP038291/00028.jpg,1,0.276555,0.537253875,0.0238156875,0.0615459125
GP038291/00028.jpg,2,0.282064125,0.5039916249999999,0.01496775,0.057553599999999996
