image,label,x,y,width,height
GP038291/00020.jpg,1,0.7964231666666667,0.5574225,0.07080996666666667,0.10182698333333334
GP038291/00020.jpg,2,0.7960663333333332,0.5132756666666667,0.019478266666666667,0.08070106666666667
