image,label,x,y,width,height
GP038291/00021.jpg,1,0.868401,0.571603,0.07299894999999999,0.125027
GP038291/00021.jpg,2,0.86689975,0.51736225,0.0229852,0.101775
