image,label,x,y,width,height
GP038291/00026.jpg,1,0.09651988,0.5584317999999999,0.07520686999999998,0.1462174
GP038291/00026.jpg,2,0.10724469999999998,0.5095492000000001,0.0288616,0.11115940000000002
