image,label,x,y,width,height
GP038291/00023.jpg,1,0.9375234999999998,0.6199381666666667,0.11066916666666668,0.289518
GP038291/00023.jpg,2,0.9422928333333332,0.5151763333333333,0.059936883333333336,0.2045685
