image,label,x,y,width,height
GP038291/00029.jpg,1,0.318234,0.5292678095238096,0.01840721904761905,0.05157652380952382
GP038291/00029.jpg,2,0.3193796190476191,0.5063851428571429,0.011928987142857143,0.04597131904761904
