image,label,x,y,width,height
GP038291/00022.jpg,1,0.93571925,0.58374175,0.05614505,0.176732
GP038291/00022.jpg,2,0.934236,0.51892975,0.035762600000000005,0.14549700000000002
