image,label,x,y,width,height
GP038291/00025.jpg,1,0.023542125000000004,0.64233925,0.04554369999999999,0.25370925
GP038291/00025.jpg,2,0.018941625,0.4758140000000001,0.03638715,0.12698074999999998
