image,label,x,y,width,height
GP038291/00034.jpg,1,0.4883125,0.52852075,0.0099443025,0.04614335
GP038291/00034.jpg,2,0.48846575,0.5123975000000001,0.012158575,0.0373771
