image,label,x,y,width,height
GP038291/00039.jpg,1,0.4935635,0.53340825,0.013278025,0.0644411
GP038291/00039.jpg,2,0.49353275,0.5110742500000001,0.0160766,0.051369525
