image,label,x,y,width,height
GP038291/00036.jpg,1,0.4947686111111111,0.5343306666666666,0.01549691666666667,0.06409982777777777
GP038291/00036.jpg,2,0.49518199999999996,0.5138373888888889,0.014719827777777778,0.05629943333333332
