image,label,x,y,width,height
GP038291/00035.jpg,1,0.49040575,0.53151875,0.013303350000000002,0.056767099999999994
GP038291/00035.jpg,2,0.49108199999999996,0.51136325,0.015681525,0.0451908
