image,label,x,y,width,height
GP038291/00032.jpg,1,0.4316275000000001,0.5232418333333334,0.0278084,0.035224233333333334
GP038291/00032.jpg,2,0.432816,0.5085615,0.007096198333333335,0.03027435
