image,label,x,y,width,height
GP038291/00031.jpg,1,0.37284166666666657,0.5238970000000001,0.021177,0.036408800000000005
GP038291/00031.jpg,2,0.3740136666666666,0.5093009999999999,0.00775891,0.03185760833333333
