image,label,x,y,width,height
GP038291/00033.jpg,1,0.481545,0.527382,0.0125638,0.0375589
GP038291/00033.jpg,2,0.481009,0.509155,0.00566901,0.0298262
