image,label,x,y,width,height
GP038291/00038.jpg,1,0.49340475,0.535745,0.01405845,0.06539965
GP038291/00038.jpg,2,0.49377375,0.5127225000000001,0.017530825,0.0538273
