image,label,x,y,width,height
GP038291/00037.jpg,1,0.493219125,0.536267375,0.01306469875,0.0619251375
GP038291/00037.jpg,2,0.493282,0.510901375,0.014715137499999998,0.0504403625
