image,label,x,y,width,height
GP038291/00030.jpg,1,0.34464954545454546,0.5265525454545453,0.014363072727272726,0.03775319090909091
GP038291/00030.jpg,2,0.3450273636363636,0.5079386363636363,0.00816054,0.0355462090909091
