image,label,x,y,width,height
GP038291/00041.jpg,1,0.5173968,0.5476174,0.02302236,0.08766398
GP038291/00041.jpg,2,0.5178738,0.5152713999999999,0.026823900000000005,0.07545110000000001
