image,label,x,y,width,height
GP038291/00046.jpg,1,0.7963233333333334,0.5455886666666666,0.0492459,0.09097195
GP038291/00046.jpg,2,0.7922546666666666,0.5095255000000001,0.01936755,0.07415510000000003
