image,label,x,y,width,height
GP038291/00047.jpg,1,0.713097,0.5377438333333333,0.03444916666666666,0.06527018333333333
GP038291/00047.jpg,2,0.7113556666666666,0.5108753333333333,0.014909849999999997,0.05551008333333333
