image,label,x,y,width,height
GP038291/00049.jpg,1,0.5643322857142861,0.5341937619047621,0.034372895238095225,0.051809619047619056
GP038291/00049.jpg,2,0.5616822857142856,0.5146773809523809,0.010717891428571429,0.043065285714285716
