image,label,x,y,width,height
GP038291/00042.jpg,1,0.5264708333333333,0.5658543333333333,0.033244,0.14491416666666665
GP038291/00042.jpg,2,0.5251841666666667,0.5143055000000001,0.042363100000000015,0.1139575
