image,label,x,y,width,height
GP038291/00040.jpg,1,0.4966038181818183,0.538551909090909,0.01762192727272727,0.06347454545454546
GP038291/00040.jpg,2,0.4967630909090909,0.5121754545454544,0.01747420909090909,0.05628577727272728
