image,label,x,y,width,height
GP038291/00045.jpg,1,0.937428,0.5633238,0.08397597999999999,0.1213026
GP038291/00045.jpg,2,0.9273290000000001,0.5121518,0.02374892,0.10273596
