image,label,x,y,width,height
GP038291/00043.jpg,1,0.7157501428571429,0.6415147142857142,0.23655357142857145,0.2748907142857143
GP038291/00043.jpg,2,0.7331567142857144,0.5337341428571429,0.055443657142857136,0.2283347142857143
