image,label,x,y,width,height
GP038291/00048.jpg,1,0.6481176666666667,0.5354201666666667,0.042337599999999996,0.051511449999999986
GP038291/00048.jpg,2,0.6457768333333332,0.5138381666666667,0.012199583333333331,0.04546548333333333
