image,label,x,y,width,height
GP038291/00055.jpg,1,0.5981185,0.52716775,0.01956365,0.036742275
GP038291/00055.jpg,2,0.59762775,0.51283125,0.0080894075,0.032222225
