image,label,x,y,width,height
GP038291/00054.jpg,1,0.6236821428571427,0.5297238571428571,0.017673307142857142,0.04418742857142857
GP038291/00054.jpg,2,0.6225327857142856,0.5151209999999999,0.009661027142857144,0.03905146428571428
