image,label,x,y,width,height
GP038291/00056.jpg,1,0.550366,0.5240531428571428,0.02782848571428571,0.036334071428571424
GP038291/00056.jpg,2,0.5482917142857142,0.5096732857142857,0.006868765714285714,0.029505042857142862
