image,label,x,y,width,height
GP038291/00053.jpg,1,0.6573995714285715,0.533465,0.02005252857142857,0.052634642857142866
GP038291/00053.jpg,2,0.6568014285714285,0.5102864285714286,0.011105585714285713,0.045009985714285716
