image,label,x,y,width,height
GP038291/00052.jpg,1,0.6970200000000001,0.5393923333333334,0.01950173333333333,0.06117768333333335
GP038291/00052.jpg,2,0.6957041666666667,0.5100140000000001,0.016639900000000003,0.05409431666666666
