image,label,x,y,width,height
GP038291/00058.jpg,1,0.474242,0.522526,0.021962799999999998,0.0332976
GP038291/00058.jpg,2,0.473563,0.507501,0.00466392,0.025176300000000002
