image,label,x,y,width,height
GP038291/00059.jpg,1,0.4759166666666666,0.5249201666666666,0.01465826666666667,0.0353886
GP038291/00059.jpg,2,0.4741366666666667,0.5108484999999999,0.007712518333333335,0.02826586666666667
