image,label,x,y,width,height
GP038291/00050.jpg,1,0.5322995,0.5353209999999999,0.026277125,0.06550615
GP038291/00050.jpg,2,0.529397,0.5114265,0.013909225,0.051741075
