image,label,x,y,width,height
GP038291/00057.jpg,1,0.4968885,0.523493,0.0272337,0.033365283333333336
GP038291/00057.jpg,2,0.4952776666666666,0.5089836666666666,0.006977201666666668,0.03058265
