image,label,x,y,width,height
GP038291/00051.jpg,1,0.6180584,0.5449318,0.06168082,0.08054237
GP038291/00051.jpg,2,0.6230326000000002,0.5129161999999999,0.01570812,0.06501540000000001
