image,label,x,y,width,height
GP038291/00060.jpg,1,0.4892188,0.5241524000000001,0.028136760000000004,0.03311066
GP038291/00060.jpg,2,0.4927456,0.5113472,0.006519685999999999,0.03106696
