image,label,x,y,width,height
GP038291/00069.jpg,1,0.199723,0.6790075,0.29293925,0.44202650000000004
GP038291/00069.jpg,2,0.20129375,0.5192875,0.07021955,0.36943575
