image,label,x,y,width,height
GP038291/00065.jpg,1,0.468351,0.5379412222222223,0.03844937777777778,0.07003415555555555
GP038291/00065.jpg,2,0.4687562222222222,0.5150490000000001,0.012202614444444444,0.0581808
