image,label,x,y,width,height
GP038291/00061.jpg,1,0.5352987499999999,0.5238649999999999,0.027356175,0.032793525000000004
GP038291/00061.jpg,2,0.53694775,0.51078,0.006767697499999999,0.02887955
