image,label,x,y,width,height
GP038291/00062.jpg,1,0.5885199999999999,0.527386,0.015462100000000001,0.0268068
GP038291/00062.jpg,2,0.5861,0.512379,0.00503343,0.0203174
