image,label,x,y,width,height
GP038291/00064.jpg,1,0.5428742499999999,0.52969,0.0220037,0.055997725
GP038291/00064.jpg,2,0.54259375,0.51181425,0.01210152,0.045877725
