image,label,x,y,width,height
GP038291/00066.jpg,1,0.102062,0.489054,0.0133189,0.039976099999999994
GP038291/00066.jpg,1,0.3314958421052632,0.5406708421052633,0.06515305789473684,0.1013572
GP038291/00066.jpg,2,0.10219400000000001,0.47430100000000003,0.018330000000000003,0.0631368
GP038291/00066.jpg,2,0.3293098947368421,0.5119919473684211,0.01773049842105263,0.07988823684210526
