image,label,x,y,width,height
GP038291/00067.jpg,1,0.15742128571428576,0.5493914285714284,0.08126995714285715,0.10812994285714286
GP038291/00067.jpg,2,0.15570925,0.5057788333333334,0.0200297,0.10299136666666668
