image,label,x,y,width,height
GP038291/00068.jpg,1,0.013271425,0.57842125,0.02536335,0.165354
GP038291/00068.jpg,2,0.0124872,0.515139,0.024293125,0.17365675000000005
