image,label,x,y,width,height
GP038291/00063.jpg,1,0.5851698333333334,0.5289233333333332,0.012547948333333331,0.041093325000000014
GP038291/00063.jpg,2,0.5857250833333333,0.5120018333333334,0.008674944166666667,0.03272385
