image,label,x,y,width,height
GP038291/00078.jpg,1,0.6008557142857143,0.5375484285714285,0.04774397142857144,0.05854642857142856
GP038291/00078.jpg,2,0.6005098571428571,0.5139868571428572,0.01074749,0.047914085714285716
