image,label,x,y,width,height
GP038291/00077.jpg,1,0.65850075,0.53640075,0.046378525,0.06477122499999999
GP038291/00077.jpg,2,0.6575534999999999,0.51271025,0.0127519875,0.0624285
