image,label,x,y,width,height
GP038291/00073.jpg,1,0.8467924545454547,0.5585234545454546,0.05781207272727273,0.10118962727272728
GP038291/00073.jpg,2,0.8443486363636363,0.5142875454545455,0.020638272727272727,0.08487336363636365
