image,label,x,y,width,height
GP038291/00076.jpg,1,0.7049404,0.539078,0.0353302,0.06669001999999999
GP038291/00076.jpg,2,0.7043238,0.5142646000000001,0.013598179999999998,0.0535246
