image,label,x,y,width,height
GP038291/00071.jpg,1,0.56272,0.43996,0.856799,1.0953700000000002
GP038291/00071.jpg,1,0.996669,0.531204,0.00606442,0.048848
GP038291/00071.jpg,5,0.4543793333333333,0.6148906666666667,0.6816733333333334,0.6906401000000001
