image,label,x,y,width,height
GP038291/00075.jpg,1,0.7452418333333332,0.5435845,0.03999496666666666,0.07448003333333335
GP038291/00075.jpg,2,0.7424701666666667,0.5138196666666667,0.016207533333333333,0.06491926666666667
