image,label,x,y,width,height
GP038291/00074.jpg,1,0.7906369999999999,0.5447015000000001,0.04393631666666667,0.08877736666666668
GP038291/00074.jpg,2,0.7868058333333333,0.5118135,0.02072438333333333,0.07375198333333334
