image,label,x,y,width,height
GP038291/00079.jpg,1,0.5479646666666667,0.5357394999999999,0.05015416666666666,0.060683016666666666
GP038291/00079.jpg,2,0.5470091666666667,0.5113513333333334,0.01125654,0.050732983333333335
