image,label,x,y,width,height
GP038291/00070.jpg,1,0.8539068846153844,0.6412163461538462,0.204776,0.34079642307692304
GP038291/00070.jpg,2,0.8920043076923078,0.5222022692307692,0.07393736153846152,0.2999861538461538
