image,label,x,y,width,height
GP038291/00084.jpg,1,0.49246325,0.5331465000000001,0.046889025,0.06715425
GP038291/00084.jpg,2,0.49303875,0.51198475,0.010132465,0.050546575
