image,label,x,y,width,height
GP038291/00083.jpg,1,0.49298050000000004,0.5331139999999999,0.050184995,0.06633038999999999
GP038291/00083.jpg,2,0.4925462500000001,0.5129666000000002,0.011572647,0.055667655
