image,label,x,y,width,height
GP038291/00081.jpg,1,0.4921625,0.5328801666666667,0.0478878,0.06699806666666668
GP038291/00081.jpg,2,0.4925066666666666,0.5100336666666666,0.01195953,0.0533043
