image,label,x,y,width,height
GP038291/00088.jpg,1,0.5605536666666667,0.5363886666666667,0.050821983333333334,0.06249915
GP038291/00088.jpg,2,0.5595408333333333,0.5137208333333333,0.012041285,0.0549653
