image,label,x,y,width,height
GP038291/00087.jpg,1,0.5534332999999999,0.53183695,0.045410817000000006,0.06723196000000001
GP038291/00087.jpg,2,0.552902,0.51380455,0.0120099685,0.05160975
