image,label,x,y,width,height
GP038291/00086.jpg,1,0.08712660000000001,0.465297,0.024000900000000002,0.0497385
GP038291/00086.jpg,1,0.5425331818181817,0.5350628181818181,0.05080024545454545,0.06449775454545455
GP038291/00086.jpg,2,0.08422460000000001,0.443065,0.00878463,0.0459704
GP038291/00086.jpg,2,0.5397440909090909,0.5130716363636364,0.011351758181818182,0.052729263636363634
