image,label,x,y,width,height
GP038291/00080.jpg,1,0.4981822380952382,0.5335979523809522,0.04894416666666666,0.06838556666666669
GP038291/00080.jpg,2,0.4983596666666668,0.5122307619047619,0.01356619285714286,0.0558865619047619
