image,label,x,y,width,height
GP038291/00089.jpg,1,0.5152933333333334,0.541691,0.0431226,0.05047101666666667
GP038291/00089.jpg,2,0.5050228,0.5143388,0.009567962,0.05316394
