image,label,x,y,width,height
GP038291/00085.jpg,1,0.508099,0.53840675,0.049399075,0.056063675000000014
GP038291/00085.jpg,2,0.5085175000000001,0.51449675,0.0093182575,0.05186280000000001
