image,label,x,y,width,height
GP038291/00082.jpg,1,0.4923881428571428,0.5338272857142856,0.04737954285714286,0.0647603
GP038291/00082.jpg,2,0.4921175714285715,0.5128657142857143,0.00989182,0.050723314285714284
