image,label,x,y,width,height
GP038291/00090.jpg,1,0.4472282,0.5381902000000001,0.053755300000000006,0.06140964
GP038291/00090.jpg,2,0.4455085999999999,0.5140762000000001,0.012595820000000002,0.05104548
