image,label,x,y,width,height
GP038291/00091.jpg,1,0.38970125,0.5341640000000001,0.052463575,0.069617375
GP038291/00091.jpg,2,0.38601199999999997,0.511247,0.01467155,0.0561372
