image,label,x,y,width,height
GP038291/00092.jpg,1,0.3403643333333333,0.5342683333333333,0.0387798,0.05879243333333334
GP038291/00092.jpg,2,0.3335388333333333,0.5094563333333334,0.014556616666666666,0.04817101666666667
