image,label,x,y,width,height
GP038291/00095.jpg,1,0.3407740952380952,0.5285445714285715,0.013843731428571426,0.0427366
GP038291/00095.jpg,2,0.3412712857142858,0.5097023809523811,0.01008279619047619,0.0370717619047619
