image,label,x,y,width,height
GP038291/00094.jpg,1,0.32724699999999995,0.529304,0.016018125,0.050958125
GP038291/00094.jpg,2,0.32808950000000003,0.507959,0.011322885,0.042584800000000006
