image,label,x,y,width,height
GP038291/00097.jpg,1,0.366012875,0.523224875,0.016867575000000003,0.0365114375
GP038291/00097.jpg,2,0.365636,0.503691875,0.007893796250000001,0.029361925
