image,label,x,y,width,height
GP038291/00099.jpg,1,0.488613,0.5231355,0.026532600000000003,0.0326823
GP038291/00099.jpg,2,0.49057575,0.50988975,0.0069520875,0.0306528
