image,label,x,y,width,height
GP038291/00093.jpg,1,0.3148980952380952,0.5311586190476191,0.01817963333333333,0.053117609523809534
GP038291/00093.jpg,2,0.3171875714285714,0.5091463333333334,0.011510454761904765,0.04637692857142857
