image,label,x,y,width,height
GP038291/00098.jpg,1,0.4199958,0.5223164,0.0270336,0.0360621
GP038291/00098.jpg,2,0.421267,0.5080738,0.00796031,0.03137284
