image,label,x,y,width,height
GP038291/00096.jpg,1,0.35077225,0.525333125,0.013349625000000002,0.03942905
GP038291/00096.jpg,2,0.350634375,0.5073606250000001,0.008515581250000001,0.0311295625
