image,label,x,y,width,height
GP038291/00108.jpg,1,0.7547651,0.5634914000000001,0.03821917,0.10039453
GP038291/00108.jpg,2,0.7472581,0.5135456,0.027699350000000005,0.08765361
