image,label,x,y,width,height
GP038291/00102.jpg,1,0.6373095,0.530672,0.02061025,0.044177216666666665
GP038291/00102.jpg,2,0.6380975000000001,0.5116843333333333,0.009664811666666669,0.038510033333333325
