image,label,x,y,width,height
GP038291/00107.jpg,1,0.7743066,0.580425,0.06922568,0.1556634
GP038291/00107.jpg,2,0.7648732,0.5015156000000001,0.0384108,0.12022588
