image,label,x,y,width,height
GP038291/00105.jpg,1,0.9024245000000001,0.55092025,0.073969025,0.12898925
GP038291/00105.jpg,2,0.90474875,0.5107065,0.021398275,0.100683975
