image,label,x,y,width,height
GP038291/00100.jpg,1,0.5533125714285715,0.5258055714285714,0.027919071428571432,0.037573771428571434
GP038291/00100.jpg,2,0.5548591428571428,0.5125534285714286,0.00764185,0.029776485714285712
