image,label,x,y,width,height
GP038291/00103.jpg,1,0.6852092857142856,0.5328098571428571,0.028064285714285715,0.06179001428571429
GP038291/00103.jpg,2,0.6862060000000001,0.5126824285714286,0.010723512857142858,0.05150587142857143
