image,label,x,y,width,height
GP038291/00104.jpg,1,0.7638664285714285,0.5412431428571429,0.04984795238095238,0.0826094761904762
GP038291/00104.jpg,2,0.7656911428571428,0.5101305714285713,0.014282766666666662,0.0689348761904762
