image,label,x,y,width,height
GP038291/00101.jpg,1,0.604108,0.524284,0.01338665,0.039915925
GP038291/00101.jpg,2,0.60386425,0.5121555,0.0051205975,0.031795925
